{
    "friday": {
        "exercise": {
            "armcircles": {
                "armcircles": 0
            },
            "pushups": {
                "pushups": 0
            },
            "squats": {
                "squats": 0
            }
        }
    },
    "monday": {
        "exercise": {
            "armcircles": {
                "armcircles": 0
            },
            "pushups": {
                "pushups": 0
            },
            "squats": {
                "squats": 0
            }
        }
    },
    "personal": {
        "gender": "",
        "height": "",
        "name": "",
        "weight": ""
    },
    "saturday": {
        "exercise": {
            "armcircles": {
                "armcircles": 0
            },
            "pushups": {
                "pushups": 0
            },
            "squats": {
                "squats": 0
            }
        }
    },
    "sunday": {
        "exercise": {
            "armcircles": {
                "armcircles": 0
            },
            "pushups": {
                "pushups": 0
            },
            "squats": {
                "squats": 0
            }
        }
    },
    "thursday": {
        "exercise": {
            "armcircles": {
                "armcircles": 0
            },
            "pushups": {
                "pushups": 0
            },
            "squats": {
                "squats": 0
            }
        }
    },
    "tuesday": {
        "exercise": {
            "armcircles": {
                "armcircles": 0
            },
            "pushups": {
                "pushups": 0
            },
            "squats": {
                "squats": 0
            }
        }
    },
    "wednesday": {
        "exercise": {
            "armcircles": {
                "armcircles": 0
            },
            "pushups": {
                "pushups": 0
            },
            "squats": {
                "squats": 0
            }
        }
    }
}